{"cameraMode":{"drawMode":0,"name":"Shaded","section":"Shading Mode"},"sceneLighting":true,"audioPlay":false,"sceneViewState":{"showFog":true,"showMaterialUpdate":false,"showSkybox":true,"showFlares":true,"showImageEffects":true,"showParticleSystems":true},"in2DMode":false,"pivot":{"x":-1.1657254695892335,"y":0.07980000972747803,"z":0.73154616355896},"rotation":{"x":-0.0991203710436821,"y":0.022981533780694009,"z":-0.002289683325216174,"w":-0.9948090314865112},"size":3.033496618270874,"orthographic":true}